asset_id,course,asset,author,reviewer,status,version,review_date,notes
ZIM-SYL,ZIM,curriculum/ZIM_syllabus.md,,,draft,0.1,,
ZIM-WEB,ZIM,website/ZIM_course_page.md,,,draft,0.1,,
ZIM-M01,ZIM,materials/lesson_plans/ZIM-M01.md,,,draft,0.1,,
ZIM-M02,ZIM,materials/lesson_plans/ZIM-M02.md,,,draft,0.1,,
ZIM-M03,ZIM,materials/lesson_plans/ZIM-M03.md,,,draft,0.1,,
ZIM-M04,ZIM,materials/lesson_plans/ZIM-M04.md,,,draft,0.1,,
ZIM-M05,ZIM,materials/lesson_plans/ZIM-M05.md,,,draft,0.1,,
ZIM-M06,ZIM,materials/lesson_plans/ZIM-M06.md,,,draft,0.1,,
ZIM-M07,ZIM,materials/lesson_plans/ZIM-M07.md,,,draft,0.1,,
ZIM-M08,ZIM,materials/lesson_plans/ZIM-M08.md,,,draft,0.1,,
ZIM-M09,ZIM,materials/lesson_plans/ZIM-M09.md,,,draft,0.1,,
ZIM-M10,ZIM,materials/lesson_plans/ZIM-M10.md,,,draft,0.1,,
ZDV-SYL,ZDV,curriculum/ZDV_syllabus.md,,,draft,0.1,,
ZDV-WEB,ZDV,website/ZDV_course_page.md,,,draft,0.1,,
ZDV-M01,ZDV,materials/lesson_plans/ZDV-M01.md,,,draft,0.1,,
ZDV-M02,ZDV,materials/lesson_plans/ZDV-M02.md,,,draft,0.1,,
ZDV-M03,ZDV,materials/lesson_plans/ZDV-M03.md,,,draft,0.1,,
ZDV-M04,ZDV,materials/lesson_plans/ZDV-M04.md,,,draft,0.1,,
ZDV-M05,ZDV,materials/lesson_plans/ZDV-M05.md,,,draft,0.1,,
ZDV-M06,ZDV,materials/lesson_plans/ZDV-M06.md,,,draft,0.1,,
ZDV-M07,ZDV,materials/lesson_plans/ZDV-M07.md,,,draft,0.1,,
ZDV-M08,ZDV,materials/lesson_plans/ZDV-M08.md,,,draft,0.1,,
ZDV-M09,ZDV,materials/lesson_plans/ZDV-M09.md,,,draft,0.1,,
ZDV-M10,ZDV,materials/lesson_plans/ZDV-M10.md,,,draft,0.1,,
ZDV-M11,ZDV,materials/lesson_plans/ZDV-M11.md,,,draft,0.1,,
ZDV-M12,ZDV,materials/lesson_plans/ZDV-M12.md,,,draft,0.1,,
AAB-SYL,AAB,curriculum/AAB_syllabus.md,,,draft,0.1,,
AAB-WEB,AAB,website/AAB_course_page.md,,,draft,0.1,,
AAB-M01,AAB,materials/lesson_plans/AAB-M01.md,,,draft,0.1,,
AAB-M02,AAB,materials/lesson_plans/AAB-M02.md,,,draft,0.1,,
AAB-M03,AAB,materials/lesson_plans/AAB-M03.md,,,draft,0.1,,
AAB-M04,AAB,materials/lesson_plans/AAB-M04.md,,,draft,0.1,,
AAB-M05,AAB,materials/lesson_plans/AAB-M05.md,,,draft,0.1,,
AAB-M06,AAB,materials/lesson_plans/AAB-M06.md,,,draft,0.1,,
AAB-M07,AAB,materials/lesson_plans/AAB-M07.md,,,draft,0.1,,
AAB-M08,AAB,materials/lesson_plans/AAB-M08.md,,,draft,0.1,,
AAB-M09,AAB,materials/lesson_plans/AAB-M09.md,,,draft,0.1,,
AAB-M10,AAB,materials/lesson_plans/AAB-M10.md,,,draft,0.1,,
CAW-SYL,CAW,curriculum/CAW_syllabus.md,,,draft,0.1,,
CAW-WEB,CAW,website/CAW_course_page.md,,,draft,0.1,,
CAW-M01,CAW,materials/lesson_plans/CAW-M01.md,,,draft,0.1,,
CAW-M02,CAW,materials/lesson_plans/CAW-M02.md,,,draft,0.1,,
CAW-M03,CAW,materials/lesson_plans/CAW-M03.md,,,draft,0.1,,
CAW-M04,CAW,materials/lesson_plans/CAW-M04.md,,,draft,0.1,,
