asset_id,path,version,status,author,technical_reviewer,teaching_reviewer,last_reviewed,change_reason
ZIM-M01,materials/lesson_plans/ZIM-M01.md,0.2,draft_for_trainer_rehearsal,Wooplix team to assign,to assign,to assign,,"Added worked input, steps, failure, recovery and independent task"
ZIM-M02,materials/lesson_plans/ZIM-M02.md,0.2,draft_for_trainer_rehearsal,Wooplix team to assign,to assign,to assign,,"Added worked input, steps, failure, recovery and independent task"
ZIM-M03,materials/lesson_plans/ZIM-M03.md,0.2,draft_for_trainer_rehearsal,Wooplix team to assign,to assign,to assign,,"Added worked input, steps, failure, recovery and independent task"
ZIM-M04,materials/lesson_plans/ZIM-M04.md,0.2,draft_for_trainer_rehearsal,Wooplix team to assign,to assign,to assign,,"Added worked input, steps, failure, recovery and independent task"
ZIM-M05,materials/lesson_plans/ZIM-M05.md,0.2,draft_for_trainer_rehearsal,Wooplix team to assign,to assign,to assign,,"Added worked input, steps, failure, recovery and independent task"
ZIM-M06,materials/lesson_plans/ZIM-M06.md,0.2,draft_for_trainer_rehearsal,Wooplix team to assign,to assign,to assign,,"Added worked input, steps, failure, recovery and independent task"
ZIM-M07,materials/lesson_plans/ZIM-M07.md,0.2,draft_for_trainer_rehearsal,Wooplix team to assign,to assign,to assign,,"Added worked input, steps, failure, recovery and independent task"
ZIM-M08,materials/lesson_plans/ZIM-M08.md,0.2,draft_for_trainer_rehearsal,Wooplix team to assign,to assign,to assign,,"Added worked input, steps, failure, recovery and independent task"
ZIM-M09,materials/lesson_plans/ZIM-M09.md,0.2,draft_for_trainer_rehearsal,Wooplix team to assign,to assign,to assign,,"Added worked input, steps, failure, recovery and independent task"
ZIM-M10,materials/lesson_plans/ZIM-M10.md,0.2,draft_for_trainer_rehearsal,Wooplix team to assign,to assign,to assign,,"Added worked input, steps, failure, recovery and independent task"
ZDV-M01,materials/lesson_plans/ZDV-M01.md,0.2,draft_for_trainer_rehearsal,Wooplix team to assign,to assign,to assign,,"Added worked input, steps, failure, recovery and independent task"
ZDV-M02,materials/lesson_plans/ZDV-M02.md,0.2,draft_for_trainer_rehearsal,Wooplix team to assign,to assign,to assign,,"Added worked input, steps, failure, recovery and independent task"
ZDV-M03,materials/lesson_plans/ZDV-M03.md,0.2,draft_for_trainer_rehearsal,Wooplix team to assign,to assign,to assign,,"Added worked input, steps, failure, recovery and independent task"
ZDV-M04,materials/lesson_plans/ZDV-M04.md,0.2,draft_for_trainer_rehearsal,Wooplix team to assign,to assign,to assign,,"Added worked input, steps, failure, recovery and independent task"
ZDV-M05,materials/lesson_plans/ZDV-M05.md,0.2,draft_for_trainer_rehearsal,Wooplix team to assign,to assign,to assign,,"Added worked input, steps, failure, recovery and independent task"
ZDV-M06,materials/lesson_plans/ZDV-M06.md,0.2,draft_for_trainer_rehearsal,Wooplix team to assign,to assign,to assign,,"Added worked input, steps, failure, recovery and independent task"
ZDV-M07,materials/lesson_plans/ZDV-M07.md,0.2,draft_for_trainer_rehearsal,Wooplix team to assign,to assign,to assign,,"Added worked input, steps, failure, recovery and independent task"
ZDV-M08,materials/lesson_plans/ZDV-M08.md,0.2,draft_for_trainer_rehearsal,Wooplix team to assign,to assign,to assign,,"Added worked input, steps, failure, recovery and independent task"
ZDV-M09,materials/lesson_plans/ZDV-M09.md,0.2,draft_for_trainer_rehearsal,Wooplix team to assign,to assign,to assign,,"Added worked input, steps, failure, recovery and independent task"
ZDV-M10,materials/lesson_plans/ZDV-M10.md,0.2,draft_for_trainer_rehearsal,Wooplix team to assign,to assign,to assign,,"Added worked input, steps, failure, recovery and independent task"
ZDV-M11,materials/lesson_plans/ZDV-M11.md,0.2,draft_for_trainer_rehearsal,Wooplix team to assign,to assign,to assign,,"Added worked input, steps, failure, recovery and independent task"
ZDV-M12,materials/lesson_plans/ZDV-M12.md,0.2,draft_for_trainer_rehearsal,Wooplix team to assign,to assign,to assign,,"Added worked input, steps, failure, recovery and independent task"
AAB-M01,materials/lesson_plans/AAB-M01.md,0.2,draft_for_trainer_rehearsal,Wooplix team to assign,to assign,to assign,,"Added worked input, steps, failure, recovery and independent task"
AAB-M02,materials/lesson_plans/AAB-M02.md,0.2,draft_for_trainer_rehearsal,Wooplix team to assign,to assign,to assign,,"Added worked input, steps, failure, recovery and independent task"
AAB-M03,materials/lesson_plans/AAB-M03.md,0.2,draft_for_trainer_rehearsal,Wooplix team to assign,to assign,to assign,,"Added worked input, steps, failure, recovery and independent task"
AAB-M04,materials/lesson_plans/AAB-M04.md,0.2,draft_for_trainer_rehearsal,Wooplix team to assign,to assign,to assign,,"Added worked input, steps, failure, recovery and independent task"
AAB-M05,materials/lesson_plans/AAB-M05.md,0.2,draft_for_trainer_rehearsal,Wooplix team to assign,to assign,to assign,,"Added worked input, steps, failure, recovery and independent task"
AAB-M06,materials/lesson_plans/AAB-M06.md,0.2,draft_for_trainer_rehearsal,Wooplix team to assign,to assign,to assign,,"Added worked input, steps, failure, recovery and independent task"
AAB-M07,materials/lesson_plans/AAB-M07.md,0.2,draft_for_trainer_rehearsal,Wooplix team to assign,to assign,to assign,,"Added worked input, steps, failure, recovery and independent task"
AAB-M08,materials/lesson_plans/AAB-M08.md,0.2,draft_for_trainer_rehearsal,Wooplix team to assign,to assign,to assign,,"Added worked input, steps, failure, recovery and independent task"
AAB-M09,materials/lesson_plans/AAB-M09.md,0.2,draft_for_trainer_rehearsal,Wooplix team to assign,to assign,to assign,,"Added worked input, steps, failure, recovery and independent task"
AAB-M10,materials/lesson_plans/AAB-M10.md,0.2,draft_for_trainer_rehearsal,Wooplix team to assign,to assign,to assign,,"Added worked input, steps, failure, recovery and independent task"
CAW-M01,materials/lesson_plans/CAW-M01.md,0.2,draft_for_trainer_rehearsal,Wooplix team to assign,to assign,to assign,,"Added worked input, steps, failure, recovery and independent task"
CAW-M02,materials/lesson_plans/CAW-M02.md,0.2,draft_for_trainer_rehearsal,Wooplix team to assign,to assign,to assign,,"Added worked input, steps, failure, recovery and independent task"
CAW-M03,materials/lesson_plans/CAW-M03.md,0.2,draft_for_trainer_rehearsal,Wooplix team to assign,to assign,to assign,,"Added worked input, steps, failure, recovery and independent task"
CAW-M04,materials/lesson_plans/CAW-M04.md,0.2,draft_for_trainer_rehearsal,Wooplix team to assign,to assign,to assign,,"Added worked input, steps, failure, recovery and independent task"
