question_id,module_id,type,question,answer_guidance,points,rationale
ZIM-M01-Q1,ZIM-M01,oral_scenario,Why is assign leads quickly not testable?,"It omits the trigger, time measure, owner and exception behavior. Specify these before configuration.",5,"A requirement describes observable business behavior. A preference such as faster follow up needs a clock, a responsible person and an exception path before it can be tested."
ZIM-M01-Q2,ZIM-M01,failure_and_recovery,Predict the result and explain recovery for this case: The manager asks for guaranteed revenue improvement. Do not convert this into an acceptance test without evidence and an agreed measurement design.,"Expected behavior: Eight requirements, sixteen acceptance cases and a scope section. R01 must include the missing-region path. Keep unresolved working-hours and holiday definitions visible. Negative case: The manager asks for guaranteed revenue improvement. Do not convert this into an acceptance test without evidence and an agreed measurement design. Recovery: The sponsor changes region ownership. Revise R01, identify affected routing and access tests, and keep its previous version.",5,"Eight requirements, sixteen acceptance cases and a scope section. R01 must include the missing-region path. Keep unresolved working-hours and holiday definitions visible."
ZIM-M02-Q1,ZIM-M02,oral_scenario,When should a new module be created?,When a distinct entity has its own lifecycle or repeated records and cannot be represented clearly by existing relationships. Document the tradeoff.,5,Store a business fact once and connect records through relationships. Repeated customer names are not a reliable identity rule; people can share names and names can change.
ZIM-M02-Q2,ZIM-M02,failure_and_recovery,Predict the result and explain recovery for this case: Create two customers called Nova Services. The design must keep their identifiers distinct rather than merging by display name.,"Expected behavior: A dictionary with field type, API name to verify, required rule, owner and sample value. Deal amount uses INR in this exercise and cannot be a free text string. Negative case: Create two customers called Nova Services. The design must keep their identifiers distinct rather than merging by display name. Recovery: Rename account A001 and show that linked deals still reference the same identity.",5,"A dictionary with field type, API name to verify, required rule, owner and sample value. Deal amount uses INR in this exercise and cannot be a free text string."
ZIM-M03-Q1,ZIM-M03,oral_scenario,Why does hiding a field on a page not prove security?,UI visibility and underlying read or API permissions can differ. Test the relevant authorized access paths.,5,"A profile controls allowed operations; role and sharing choices affect record visibility. Test both with actual training personas, because a diagram alone does not prove access."
ZIM-M03-Q2,ZIM-M03,failure_and_recovery,"Predict the result and explain recovery for this case: Try exporting records using the Sales East persona when export is denied by the proposed profile. A denial must be observable, not assumed.","Expected behavior: At least six allowed and six denied checks with tester, expected outcome and evidence. Screenshots must not contain credentials. Negative case: Try exporting records using the Sales East persona when export is denied by the proposed profile. A denial must be observable, not assumed. Recovery: Remove an accidental broad sharing rule and repeat every visibility test it could affect.",5,"At least six allowed and six denied checks with tester, expected outcome and evidence. Screenshots must not contain credentials."
ZIM-M04-Q1,ZIM-M04,oral_scenario,Why is a successful first run insufficient?,"It does not test later edits, condition changes, overlapping rules or duplicate execution.",5,Automation is an event plus a condition plus an action. A rule that works on creation may produce repeated tasks on later edits unless its event and duplicate behavior are deliberate.
ZIM-M04-Q2,ZIM-M04,failure_and_recovery,Predict the result and explain recovery for this case: An update changes only a phone number. Demonstrate whether the follow-up rule fires again and explain the configuration.,"Expected behavior: West lead routes to West Sales; missing region routes to review; repeat edits do not create unintended duplicate tasks. If a platform feature cannot enforce the proposed key, record a customization or monitoring gap. Negative case: An update changes only a phone number. Demonstrate whether the follow-up rule fires again and explain the configuration. Recovery: Disable an incorrect rule, remove only its identified training tasks, then replay one input and reconcile counts.",5,"West lead routes to West Sales; missing region routes to review; repeat edits do not create unintended duplicate tasks. If a platform feature cannot enforce the proposed key, record a customization or monitoring gap."
ZIM-M05-Q1,ZIM-M05,oral_scenario,Does a Blueprint automatically implement every approval requirement?,"No. Map the requirement to the supported transition, approval or custom behavior and verify it in the training edition.",5,A workflow reacts to events. A controlled transition represents a permitted move between business states with required inputs. Approval is a separate business decision that needs an owner and rejection route.
ZIM-M05-Q2,ZIM-M05,failure_and_recovery,Predict the result and explain recovery for this case: Attempt Draft to Sent for INR 50001 with no approval. Expected outcome is a blocked transition under the proposed policy.,Expected behavior: A quote requiring approval cannot be sent through the normal route. Rejected quotes return for correction with their history intact. Record the edition and exact feature used. Negative case: Attempt Draft to Sent for INR 50001 with no approval. Expected outcome is a blocked transition under the proposed policy. Recovery: Reject then revise the amount and resubmit. Record whether prior approval is invalidated by the policy.,5,A quote requiring approval cannot be sent through the normal route. Rejected quotes return for correction with their history intact. Record the edition and exact feature used.
ZIM-M06-Q1,ZIM-M06,oral_scenario,Why preserve a migration batch ID?,It links evidence to a specific run and limits rollback scope; record counts alone cannot identify affected records.,5,Migration is a controlled transformation with evidence. A source count alone is not enough: rejected and intentionally excluded rows need separate reasons and stable source identifiers.
ZIM-M06-Q2,ZIM-M06,failure_and_recovery,Predict the result and explain recovery for this case: Change one accepted row to an existing destination email. Predict the chosen import duplicate behavior and reconcile its actual result.,Expected behavior: 50 = 42 accepted + 5 rejected + 3 excluded. Offline accepted is not proof of 42 successful Zoho imports; record target success and failures separately after the actual trial. Negative case: Change one accepted row to an existing destination email. Predict the chosen import duplicate behavior and reconcile its actual result. Recovery: Rollback only records created by the trial batch. Restore separately any existing record the import changed.,5,50 = 42 accepted + 5 rejected + 3 excluded. Offline accepted is not proof of 42 successful Zoho imports; record target success and failures separately after the actual trial.
ZIM-M07-Q1,ZIM-M07,oral_scenario,Can an HTTP timeout be treated as a failed write?,No. The write may have committed; reconcile identity before retrying.,5,"An integration contract states identity, field ownership, accepted payloads, responses and recovery. A timeout does not reveal whether the destination already committed."
ZIM-M07-Q2,ZIM-M07,failure_and_recovery,Predict the result and explain recovery for this case: Return a permission denial. Do not repeatedly retry the same operation using broader access.,"Expected behavior: One destination business record for NOVA-D001 even after replay; an unresolved timeout is marked unknown until reconciled. Real API behavior still needs a connected sandbox test. Negative case: Return a permission denial. Do not repeatedly retry the same operation using broader access. Recovery: Lose the success response after commit, query by stable key and reconcile before replay.",5,One destination business record for NOVA-D001 even after replay; an unresolved timeout is marked unknown until reconciled. Real API behavior still needs a connected sandbox test.
ZIM-M08-Q1,ZIM-M08,oral_scenario,Why can a high attendance rate coexist with poor adoption?,Learners may attend but fail core tasks. Measure task completion and support demand alongside participation.,5,"A useful metric has a population, numerator, denominator, time window and exclusions. Adoption evidence comes from users completing tasks, not attendance alone."
ZIM-M08-Q2,ZIM-M08,failure_and_recovery,Predict the result and explain recovery for this case: Mix conversions from old leads with only this week new leads. Identify why the resulting rate is invalid.,"Expected behavior: The report reproduces 25 percent and INR 200000 for the supplied example. Numerator belongs to the same lead cohort as denominator; currency is shown. Negative case: Mix conversions from old leads with only this week new leads. Identify why the resulting rate is invalid. Recovery: Correct the date filters, recalculate and annotate the previous dashboard error.",5,The report reproduces 25 percent and INR 200000 for the supplied example. Numerator belongs to the same lead cohort as denominator; currency is shown.
ZIM-M09-Q1,ZIM-M09,oral_scenario,Who accepts a business requirement?,The named business owner or authorized reviewer accepts evidence; the implementer does not substitute a successful configuration screen.,5,"User acceptance testing traces business requirements to observed outcomes. A checked box without inputs, tester and evidence cannot support a release decision."
ZIM-M09-Q2,ZIM-M09,failure_and_recovery,Predict the result and explain recovery for this case: Seed a broad sharing defect and confirm the access case fails and blocks release.,"Expected behavior: Eight cases have explicit pass or fail and evidence. Any critical permission or unintended-write failure blocks the proposed release, even if the numerical score passes. Negative case: Seed a broad sharing defect and confirm the access case fails and blocks release. Recovery: Fix the sharing defect, rerun impacted tests and keep original failure evidence.",5,"Eight cases have explicit pass or fail and evidence. Any critical permission or unintended-write failure blocks the proposed release, even if the numerical score passes."
ZIM-M10-Q1,ZIM-M10,oral_scenario,What proves the handover is usable?,Another person performs an agreed operation or recovery task using the supplied documentation and records the result.,5,"A handover transfers the ability to operate, diagnose and recover the implementation. The practical defense checks learner understanding beyond a prepared demonstration."
ZIM-M10-Q2,ZIM-M10,failure_and_recovery,Predict the result and explain recovery for this case: A reviewer asks for production deployment or an official Zoho certificate. Record these as outside the training exercise.,"Expected behavior: Reviewer can trace every requirement to design, configuration and test evidence. The learner can explain the change and limits independently. Negative case: A reviewer asks for production deployment or an official Zoho certificate. Record these as outside the training exercise. Recovery: The peer cannot find the failed-rule owner. Repair the runbook and repeat the handover test.",5,"Reviewer can trace every requirement to design, configuration and test evidence. The learner can explain the change and limits independently."
