source_id,last_name,company,email,region,migration_batch
L001,Learner001,Example Company 01,person001@example.test,East,NOVA-TRAIN-01
L002,Learner002,Example Company 01,person002@example.test,,NOVA-TRAIN-01
L003,Learner003,Example Company 01,person003@example.test,West,NOVA-TRAIN-01
L004,Learner004,Example Company 02,person004@example.test,East,NOVA-TRAIN-01
L005,Learner005,Example Company 02,person005@example.test,,NOVA-TRAIN-01
L006,Learner006,Example Company 02,person006@example.test,West,NOVA-TRAIN-01
L007,Learner007,Example Company 03,person007@example.test,East,NOVA-TRAIN-01
L008,Learner008,Example Company 03,person008@example.test,,NOVA-TRAIN-01
L009,Learner009,Example Company 03,person009@example.test,West,NOVA-TRAIN-01
L010,Learner010,Example Company 04,person010@example.test,East,NOVA-TRAIN-01
L011,Learner011,Example Company 04,person011@example.test,,NOVA-TRAIN-01
L012,Learner012,Example Company 04,person012@example.test,West,NOVA-TRAIN-01
L013,Learner013,Example Company 05,person013@example.test,East,NOVA-TRAIN-01
L014,Learner014,Example Company 05,person014@example.test,,NOVA-TRAIN-01
L015,Learner015,Example Company 05,person015@example.test,West,NOVA-TRAIN-01
L016,Learner016,Example Company 06,person016@example.test,East,NOVA-TRAIN-01
L017,Learner017,Example Company 06,person017@example.test,,NOVA-TRAIN-01
L018,Learner018,Example Company 06,person018@example.test,West,NOVA-TRAIN-01
L019,Learner019,Example Company 07,person019@example.test,East,NOVA-TRAIN-01
L020,Learner020,Example Company 07,person020@example.test,,NOVA-TRAIN-01
L021,Learner021,Example Company 07,person021@example.test,West,NOVA-TRAIN-01
L022,Learner022,Example Company 08,person022@example.test,East,NOVA-TRAIN-01
L023,Learner023,Example Company 08,person023@example.test,,NOVA-TRAIN-01
L024,Learner024,Example Company 08,person024@example.test,West,NOVA-TRAIN-01
L025,Learner025,Example Company 09,person025@example.test,East,NOVA-TRAIN-01
L026,Learner026,Example Company 09,person026@example.test,,NOVA-TRAIN-01
L027,Learner027,Example Company 09,person027@example.test,West,NOVA-TRAIN-01
L028,Learner028,Example Company 10,person028@example.test,East,NOVA-TRAIN-01
L029,Learner029,Example Company 10,person029@example.test,,NOVA-TRAIN-01
L030,Learner030,Example Company 10,person030@example.test,West,NOVA-TRAIN-01
L031,Learner031,Example Company 11,person031@example.test,East,NOVA-TRAIN-01
L032,Learner032,Example Company 11,person032@example.test,,NOVA-TRAIN-01
L033,Learner033,Example Company 11,person033@example.test,West,NOVA-TRAIN-01
L034,Learner034,Example Company 12,person034@example.test,East,NOVA-TRAIN-01
L035,Learner035,Example Company 12,person035@example.test,,NOVA-TRAIN-01
L036,Learner036,Example Company 12,person036@example.test,West,NOVA-TRAIN-01
L037,Learner037,Example Company 13,person037@example.test,East,NOVA-TRAIN-01
L038,Learner038,Example Company 13,person038@example.test,,NOVA-TRAIN-01
L039,Learner039,Example Company 13,person039@example.test,West,NOVA-TRAIN-01
L040,Learner040,Example Company 14,person040@example.test,East,NOVA-TRAIN-01
L041,Learner041,Example Company 14,person041@example.test,,NOVA-TRAIN-01
L042,Learner042,Example Company 14,person042@example.test,West,NOVA-TRAIN-01
L043,,Example Company 15,person043@example.test,East,NOVA-TRAIN-01
L044,Learner044,,person044@example.test,,NOVA-TRAIN-01
L045,Learner045,Example Company 15,not-an-email,West,NOVA-TRAIN-01
L046,Learner046,Example Company 16,,East,NOVA-TRAIN-01
L047,,Example Company 16,person047@example.test,,NOVA-TRAIN-01
L048,Learner048,Example Company 16,PERSON001@EXAMPLE.TEST,West,NOVA-TRAIN-01
L049,Learner049,Example Company 17,PERSON002@EXAMPLE.TEST,East,NOVA-TRAIN-01
L050,Learner050,Example Company 17,PERSON003@EXAMPLE.TEST,,NOVA-TRAIN-01
